k,home_adv,home_k,n_games,accuracy,log_loss,brier
15,75,0.0,4920,0.6644308943089431,0.6088021720852297,0.2106295145669222
20,75,0.0,4920,0.6642276422764227,0.6095762533962564,0.2109566900575586
15,50,0.0,4920,0.6573170731707317,0.610211634710455,0.21123694599734597
10,75,0.0,4920,0.6628048780487805,0.6104767282497674,0.21130516827334533
20,50,0.0,4920,0.6552845528455284,0.6111151367787234,0.21168826970621255
25,75,0.0,4920,0.6593495934959349,0.6114155147402728,0.21170142987118226
10,50,0.0,4920,0.6607723577235772,0.6116508219063577,0.21172181877935842
15,100,0.0,4920,0.665650406504065,0.6118617304294933,0.21194940166638657
20,100,0.0,4920,0.666260162601626,0.6125367101447267,0.2121131130035116
25,50,0.0,4920,0.6593495934959349,0.6130318347949366,0.2125214846959516
10,100,0.0,4920,0.6646341463414634,0.6137726864475025,0.21288591479345106
30,75,0.0,4920,0.6617886178861788,0.6138223221404334,0.21265835525026466
25,100,0.0,4920,0.6638211382113821,0.6143432104937693,0.2127443624988973
30,50,0.0,4920,0.6585365853658537,0.6154878756849743,0.2135458503200592
30,100,0.0,4920,0.6623983739837398,0.6167531085380304,0.21361625065242734
15,125,0.0,4920,0.6599593495934959,0.6191837277467174,0.21495870485084614
20,125,0.0,4920,0.6644308943089431,0.6197793461192082,0.21491852092768157
10,125,0.0,4920,0.6540650406504065,0.6213443233373013,0.21622661665186407
25,125,0.0,4920,0.6658536585365854,0.6215881228814428,0.21541005727236778
30,125,0.0,4920,0.6615853658536586,0.6240444086104415,0.21617817461790212
