,p_lgb_no_elo,p_lgb_elo
elo_diff,0.0,0.6329039756877929
net_std_diff,0.31150669401859427,0.12904940401841747
elo_home_pre,0.0,0.04723437055280391
net_l10_diff,0.08217975760636635,0.04234118492850507
prev_net_diff,0.0960045675311664,0.01635181210027232
away_rest,0.011622886317781005,0.015534274570524293
home_dreb_pct_std,0.02653387332720138,0.011941797274088051
home_net_l10,0.01877422856714621,0.00653510802158818
away_efg_std,0.011480800924123635,0.006173943380458521
home_ortg_l10,0.01759633296636362,0.005750911946119316
home_net_std,0.022729833290858495,0.005202679337745583
away_ortg_l10,0.016335359482280803,0.0048409781139870335
away_net_std,0.013182671182481577,0.004759687229657249
home_prev_net,0.028778127039625272,0.004581242137789708
away_prev_net,0.01709554326046321,0.004249353978620054
away_oreb_pct_std,0.01594561130815673,0.00370330281106424
away_b2b,0.0022316031941809317,0.0036697693130241568
away_opp_ftr_std,0.014234801735563487,0.0032044374647732625
away_dreb_pct_std,0.015359158744817485,0.0031878874531206035
home_opp_tov_pct_std,0.014340903242693754,0.0030810116236717703
away_pace_std,0.011952991815633808,0.0029957442117291137
rest_diff,0.00612428605754487,0.0029778808675599037
away_ortg_std,0.011206006497665203,0.0024724253162371652
away_ftr_std,0.012945753502079809,0.002356987929732203
elo_away_pre,0.0,0.0021691391605262295
away_opp_tov_pct_std,0.012068551790000243,0.002145097298486604
home_drtg_std,0.008770685200499093,0.0021157889166744746
home_opp_efg_std,0.009997968328349675,0.0021142417098932364
home_oreb_pct_std,0.009737445450655894,0.002092797160929754
home_drtg_l10,0.009845652182667928,0.0019168341896490875
away_drtg_l10,0.012576101614632964,0.001875968005367935
home_pace_std,0.009587071817510383,0.0018275438737969133
home_rest,0.0026808052476412197,0.0017970593006929644
away_opp_efg_std,0.012680368918129337,0.0017121608040169042
away_drtg_std,0.009359462136832964,0.0017018906223231572
away_tov_pct_std,0.008944971699043663,0.0016997266330522464
away_net_l10,0.011251006196933727,0.0016426815600492162
home_opp_ftr_std,0.009912056533013374,0.0015859177608585889
home_ortg_std,0.00883827687887159,0.0015626098614631087
away_travel_km,0.008274529515123287,0.001043238832321546
home_efg_std,0.009467160531750415,0.0009060712153867122
away_games_played,0.01866447354259196,0.000751278193412233
home_travel_km,0.006308795738594936,0.0007500365166100254
home_games_played,0.014486523521700071,0.0006999925402223947
home_ftr_std,0.011006817424176453,0.0006163571881560022
home_tov_pct_std,0.00866266982440577,0.0006157970554037231
away_games_last7,0.0030197965375522847,0.0005989486381576127
home_b2b,0.00037643184436066834,0.00042965685711468657
away_road_streak,0.0026138661666434693,0.00024136907738565573
away_tz_change,0.001236561408873201,0.00022308681422815918
home_games_last7,0.0012393761842673144,6.453994453878284e-05
home_tz_change,0.00023078215238977722,0.0
