season,model,mean,ci_low,ci_high
2019-20,Model 1,0.036965293507483885,0.008222835366962755,0.06486328611543671
2019-20,Model 1c,0.036965293507483885,0.008222835366962755,0.06486328611543671
2019-20,Model 3,0.026756069660439946,-0.002015855323368579,0.055142511295490075
2020-21,Model 1,0.05245075826112908,0.024291301981196407,0.08093575122705568
2020-21,Model 1c,0.05245075826112908,0.024291301981196407,0.08093575122705568
2020-21,Model 3,0.041066508690074444,0.012404460118260052,0.06961074439508148
2021-22,Model 1,0.053311820884641425,0.02676185434719727,0.07859679883982996
2021-22,Model 1c,0.02197323301217228,-0.004467167680374504,0.047416965203347324
2021-22,Model 3,0.03470577926853203,0.00828295941621655,0.059642366528490726
2022-23,Model 1,0.015969619831821037,-0.010501081152259338,0.04276358584522687
2022-23,Model 1c,-0.016349237852198637,-0.042880220323426234,0.010403924872029067
2022-23,Model 3,-0.016225390959422336,-0.04258760826392209,0.010854291077506347
2023-24,Model 1,0.0487485522665011,0.021359542383435032,0.07276174650967092
2023-24,Model 1c,0.017800891289197752,-0.009550100214075086,0.0419565826362706
2023-24,Model 3,0.023010238837661623,-0.004413410241180538,0.04706637576151669
2024-25,Model 1,0.049258248903341184,0.024177034057569737,0.07400597360038254
2024-25,Model 1c,0.01868000441901581,-0.00650777741360446,0.04335718191801414
2024-25,Model 3,0.0146406737752033,-0.011239978767541165,0.03909535419810364
2025-26,Model 1,0.03892288320722545,0.014221515821275173,0.0650902439817814
2025-26,Model 1c,0.008527287683692299,-0.016079316274617447,0.034671906097450536
2025-26,Model 3,0.004404230852306821,-0.02049271547677887,0.030555936206478628
