season,n_games,mean,ci_low,ci_high
2015-16,1230,0.5886178861788618,0.5617886178861788,0.6162804878048779
2016-17,1230,0.583739837398374,0.5552845528455285,0.6113821138211382
2017-18,1230,0.5788617886178862,0.5504065040650407,0.6065040650406504
2018-19,1230,0.5926829268292683,0.5634146341463414,0.6186991869918699
2019-20,1059,0.5514636449480642,0.5212464589235127,0.5826251180358829
2020-21,1080,0.5435185185185185,0.5138657407407407,0.5722453703703703
2021-22,1230,0.5439024390243903,0.516239837398374,0.5723577235772358
2022-23,1230,0.5804878048780487,0.5536585365853659,0.608130081300813
2023-24,1230,0.5430894308943089,0.516260162601626,0.5723577235772358
2024-25,1230,0.5439024390243903,0.5170731707317073,0.5715447154471545
2025-26,1230,0.5544715447154471,0.526829268292683,0.581321138211382
2019-20 bubble games only,88,0.5568181818181818,0.45454545454545453,0.6590909090909091
