comparison,games_played,n_games,mean,ci_low,ci_high
H5: Model 1 minus Model 3,0-9,1072,0.0011625366368813981,-0.005685507305001399,0.008208868326938283
H5: Model 1 minus Model 3,10-19,1059,0.002660616234104291,-0.0029943441907791498,0.00828151745861878
H5: Model 1 minus Model 3,20-39,2099,0.0025118135648224864,-0.0014827045830458814,0.0065833488011043575
H5: Model 1 minus Model 3,40-59,2099,0.0030631987757314795,-0.0010219027074140797,0.007381708025145931
H5: Model 1 minus Model 3,60-82,1960,0.002439051340019155,-0.002372255504387065,0.007309539585237794
Exploratory: Model 1c minus Model 3,0-9,1072,0.0005511453295265996,-0.0049015065105496155,0.00657108810625039
Exploratory: Model 1c minus Model 3,10-19,1059,0.002896093844984778,-0.002454441723291685,0.007839570516380859
Exploratory: Model 1c minus Model 3,20-39,2099,-0.0003287800641916096,-0.003460292872029703,0.002950217967646347
Exploratory: Model 1c minus Model 3,40-59,2099,-0.0018515856079056518,-0.00519688235538596,0.0016497989281020133
Exploratory: Model 1c minus Model 3,60-82,1960,-0.0011114905902842543,-0.004728675631473124,0.002629827827022163
