view,model,n_games,accuracy,log_loss,brier
All test seasons,Model 0: home win rate,8289,0.551695017493063,0.6888537587740878,0.24784807286484636
All test seasons,Model 1: Elo,8289,0.6456749909518639,0.6282708568330125,0.21921443060884266
All test seasons,"Model 1b: Elo, learned home adv.",8289,0.6456749909518639,0.6282708568330125,0.21921443060884266
All test seasons,"Model 1c: Elo, re-tuned each season",8289,0.6502593799010737,0.6254184450434709,0.2179982629617812
All test seasons,"Model 2: LightGBM, no Elo",8289,0.6448304982506937,0.6321437077339529,0.220861567337105
All test seasons,Model 3: LightGBM + Elo,8289,0.6514657980456026,0.6257921110981935,0.21805473656910487
Excluding 2019-20 & 2020-21,Model 0: home win rate,6150,0.5531707317073171,0.6881231651682378,0.24748781553888471
Excluding 2019-20 & 2020-21,Model 1: Elo,6150,0.651219512195122,0.6240461366641943,0.21721847851832823
Excluding 2019-20 & 2020-21,"Model 1b: Elo, learned home adv.",6150,0.651219512195122,0.6240461366641943,0.21721847851832823
Excluding 2019-20 & 2020-21,"Model 1c: Elo, re-tuned each season",6150,0.6573983739837398,0.620201642140046,0.2155793218310937
Excluding 2019-20 & 2020-21,"Model 2: LightGBM, no Elo",6150,0.6486178861788617,0.6261747695253268,0.21814911864298783
Excluding 2019-20 & 2020-21,Model 3: LightGBM + Elo,6150,0.6557723577235772,0.6206059005784709,0.21563118243081605
